Workbook
Name Gerenciamento: Dados!$A$7:$C$9

Sheet Oferta
A2: Solução de backup como serviço (BaaS) utilizando tecnologia Veeam conforme escopo dimensionado abaixo:
A4: Seq. | B4: Descrição | C4: Quant. | D4: Unitário (R$) | E4: Total Mensal (R$)
A5: 1 | B5: Software Veeam Backup and Replication Enterprise Plus para proteção de 100 servidores virtuais e 7 servidores físicos com Veeam Agent. | C5: 107 | D5: 75.158537 | E5: =C5*D5 -> 8041.9634
A6: 2 | B6: Software Veeam Cloud Connect para 100 VMs (para backup em cloud) | C6: 100 | D6: 34.04878 | E6: =C6*D6 -> 3404.878
A7: 3 | B7: Repositório para armazenamento em nuvem* | C7: 40 | D7: 263.41463 | E7: =C7*D7 -> 10536.585
A8: 4 | B8: Serviços Continuados de operação e monitoramento das rotinas de backup, para até 107 servidores, incluindo: - Monitoramento dos jobs, diariamente, com atuação e notificação em caso de falha. - Suporte ao produto Veeam, com interface junto ao fabricante. - Reports mensais dos serviços. | C8: 1 | D8: 2782.5699 | E8: =C8*D8 -> 2782.5699
A9: 5 | B9: Serviço de setup inicial incluído. | C9: Incluído
A10: TOTAL | E10: =SUM(E5:E8) -> 24765.997
A11: * O valor mensal será cobrado conforme ocupação do armazenamento. Foi utilizado no cálculo total a estimativa de 40TB como consumo máximo.
A13: Opcional: Valores para expansão do ambiente.
A15: Seq. | B15: Descrição | C15: Unitário (R$)
A16: 1 | B16: 1TB (Terabyte) de armazenamento em Cloud | C16: 263.41
A17: 2 | B17: Software Veeam Backup and Replication Enterprise Plus para 01 VM ou servidor físico | C17: =D5 -> 75.158537
A18: 3 | B18: Software Veeam Backup for Microsoft Office 365 para 01 usuário (mailbox) | C18: 10.22
A19: 4 | B19: Locação de servidor para repositório local, com opção de imutabilidade | C19: a dimensionar
A20: 5 | B20: Consultoria para revisão de políticas de backup | C20: a dimensionar

Sheet Análise Interna
E2: Estudo financeiro e precificação para BaaS
B4: Cliente | H4: Vendedor
O6: Análise | P6: Agressivo (forte concorrência) | Q6: Moderado (certa concorrência) | R6: Conservador (pouca ou nenhuma concorrência)
B7: # Oportunidade | D7: Nome Oportunidade | J7: Data do estudo | O7: Risco | P7: =IF($L$11="SIM",IF($L$21="NÃO","Alto","Médio"),"Baixo") -> Alto
D8: BaaS | J8: =TODAY() -> 46059 | O8: Licenciamento Veeam
O9: Margem aplicada | P9: =IF($L11="SIM",Dados!B31,Dados!B27) -> 0.15 | Q9: =IF($L11="SIM",Dados!C31,Dados!C27) -> 0.25 | R9: =IF($L11="SIM",Dados!D31,Dados!D27) -> 0.3
B10: Cliente necessita de licenciamento do Veeam? (note que em certos cenários o cliente pode já possuir o Veeam no seu ambiente). | L10: SIM | O10: =E18&IF(L10="SIM"," para "&F15&" VMs",) -> Veeam Backup & Replication STAN para 10 VMs | P10: =IF($L$10="SIM",(($F$15*VLOOKUP($E$18,Dados!$F$15:$I$19,4,FALSE)*VLOOKUP($K$16,Dados!$K$1:$L$10,2,FALSE)*$H$22)+($L$15*VLOOKUP($E$18,Dados!$F$7:$I$11,4,FALSE)*VLOOKUP($K$16,Dados!$K$1:$L$10,2,FALSE)*$H$22))*(1+P9),0) -> 277.725 | Q10: =IF($L$10="SIM",(($F$15*VLOOKUP($E$18,Dados!$F$15:$I$19,4,FALSE)*VLOOKUP($K$16,Dados!$K$1:$L$10,2,FALSE)*$H$22)+($L$15*VLOOKUP($E$18,Dados!$F$7:$I$11,4,FALSE)*VLOOKUP($K$16,Dados!$K$1:$L$10,2,FALSE)*$H$22))*(1+Q9),0) -> 301.875 | R10: =IF($L$10="SIM",(($F$15*VLOOKUP($E$18,Dados!$F$15:$I$19,4,FALSE)*VLOOKUP($K$16,Dados!$K$1:$L$10,2,FALSE)*$H$22)+($L$15*VLOOKUP($E$18,Dados!$F$7:$I$11,4,FALSE)*VLOOKUP($K$16,Dados!$K$1:$L$10,2,FALSE)*$H$22))*(1+R9),0) -> 313.95
B11: Cliente necessita de Serviços Gerenciados? (o serviço inclui a operação das rotinas de backup realizada pela Gruppen). | L11: SIM | O11: ="Veeam Backup for Microsoft Office 365"&IF(L14="SIM"," para "&L19&" mailboxes",) -> Veeam Backup for Microsoft Office 365 para 37 mailboxes | P11: =IF($L$14="SIM",$L$19*Dados!$I$14*VLOOKUP($K$16,Dados!$K$1:$L$10,2,FALSE)*$H$22*(1+P9),0) -> 308.27475 | Q11: =IF($L$14="SIM",$L$19*Dados!$I$14*VLOOKUP($K$16,Dados!$K$1:$L$10,2,FALSE)*$H$22*(1+Q9),0) -> 335.08125 | R11: =IF($L$14="SIM",$L$19*Dados!$I$14*VLOOKUP($K$16,Dados!$K$1:$L$10,2,FALSE)*$H$22*(1+R9),0) -> 348.4845
B12: Precisa de hardware para repositório local? (o serviço inclui o fornecimento de servidor Dell com serviço de monitoramento remoto). | L12: NÃO | O12: ="Veeam Cloud Connect"&IF(L13="SIM"," para "&F15&" VMs",) -> Veeam Cloud Connect para 10 VMs | P12: =IF(L10="SIM",0,IF($L13="SIM",($F15*Dados!$I18)*VLOOKUP('Análise Interna'!$K16,Dados!$K1:$L10,2,FALSE)*$H22*(1+P9),0)) -> 0 | Q12: =IF(L10="SIM",0,IF($L13="SIM",($F15*Dados!$I18)*VLOOKUP('Análise Interna'!$K16,Dados!$K1:$L10,2,FALSE)*$H22*(1+Q9),0)) -> 0 | R12: =IF(L10="SIM",0,IF($L13="SIM",($F15*Dados!$I18)*VLOOKUP('Análise Interna'!$K16,Dados!$K1:$L10,2,FALSE)*$H22*(1+R9),0)) -> 0
B13: Precisa de repositório de armazenamento em nuvem (Zerobox)? | L13: SIM | O13: Armazenamento
B14: Precisa de backup para Office 365? | L14: SIM | O14: ="Aquisição servidor para repositório local: "&IF(L12="SIM",L18&" TB","") -> Aquisição servidor para repositório local: | P14: =IF($L$12="SIM",$I$20,0) -> 0 | Q14: =IF($L$12="SIM",$I$20,0) -> 0 | R14: =IF($L$12="SIM",$I$20,0) -> 0
B15: Quantidade de VMs (Windows e Linux): | F15: 10 | H15: Quantidade de Servidores Físicos (para Agent): | L15: 0 | O15: ROI para o servidor devido ao risco | P15: =IF($L12="SIM",VLOOKUP('Análise Interna'!P7,Dados!$K13:$N16,2,FALSE)&" meses","") | Q15: =IF($L12="SIM",VLOOKUP('Análise Interna'!P7,Dados!$K13:$N16,3,FALSE)&" meses","") | R15: =IF($L12="SIM",VLOOKUP('Análise Interna'!P7,Dados!$K13:$N16,4,FALSE)&" meses","")
B16: Nível em que a Gruppen se encontra no programa de pontos da Veeam (em caso de dúvidas, confirme com Carlos Nunez): | K16: 10k points | O16: Custo mensal do servidor | P16: =IF($L12="SIM",P14/LEFT(P15,2),0) -> 0 | Q16: =IF($L12="SIM",Q14/LEFT(Q15,2),0) -> 0 | R16: =IF($L12="SIM",R14/LEFT(R15,2),0) -> 0
O17: ="Armazenamento em nuvem (Zerobox): "&IF(L13="SIM",G19&" TB","") -> Armazenamento em nuvem (Zerobox): 1 TB | P17: =IF($L13="SIM",$G19*Dados!$B20,0)*0.8 -> 159.2 | Q17: =IF($L13="SIM",$G19*Dados!$B20,0)*0.9 -> 179.1 | R17: =IF($L13="SIM",$G19*Dados!$B20,0) -> 199
B18: =IF(L10="SIM","Edição para software Veeam","") -> Edição para software Veeam | E18: Veeam Backup & Replication STAN | I18: =IF(L12="SIM","Área mínimo servidor local em TB","") | L18: 30 | O18: Gerenciamento Gruppen
B19: =IF(L13="SIM","Área necessária para armazenamento em nuvem (TB)","") -> Área necessária para armazenamento em nuvem (TB) | G19: 1 | I19: =IF(L14="SIM","Quantidade de Mailboxes Office 365","") -> Quantidade de Mailboxes Office 365 | L19: 37 | O19: ="Risco "&P7&" aplicado ao Serviço Gerenciado" -> Risco Alto aplicado ao Serviço Gerenciado | P19: =IF($L11="SIM",VLOOKUP(P7,Dados!$K19:$N22,2,FALSE),"") -> 1.2 | Q19: =IF($L11="SIM",VLOOKUP(P7,Dados!$K19:$N22,3,FALSE),"") -> 1.4 | R19: =IF($L11="SIM",VLOOKUP(P7,Dados!$K19:$N22,4,FALSE),"") -> 1.6
B20: =IF(L12="SIM","Valor para aquisição de servidor para armazenamento local, com pelo menos "&L18&" TB","") | I20: 90000 | O20: Serviços Gerenciados (mensal) | P20: =IF($L$11="SIM",(((($F$15+$L$15)*Dados!$D$9)+IF($L$14="SIM",Dados!$D$10,0))*$H$22)*P19,0) -> 1083.6 | Q20: =IF($L$11="SIM",(((($F$15+$L$15)*Dados!$D$9)+IF($L$14="SIM",Dados!$D$10,0))*$H$22)*Q19,0) -> 1264.2 | R20: =IF($L$11="SIM",(((($F$15+$L$15)*Dados!$D$9)+IF($L$14="SIM",Dados!$D$10,0))*$H$22)*R19,0) -> 1444.8
B21: =IF(L11="SIM","Considerando a operação do backup pela Gruppen, o ambiente do cliente incluído no escopo terá backup duplo?","") -> Considerando a operação do backup pela Gruppen, o ambiente do cliente incluído no escopo terá backup duplo? | L21: NÃO | O21: Serviços Gerenciados (setup, cobrança única) | P21: =IF($L$11="SIM",(((($F$15+$L$15)*Dados!$C$9)+IF($L$14="SIM",Dados!$C$10,0))*$H$22)*P19,0) -> 2175.6 | Q21: =IF($L$11="SIM",(((($F$15+$L$15)*Dados!$C$9)+IF($L$14="SIM",Dados!$C$10,0))*$H$22)*Q19,0) -> 2538.2 | R21: =IF($L$11="SIM",(((($F$15+$L$15)*Dados!$C$9)+IF($L$14="SIM",Dados!$C$10,0))*$H$22)*R19,0) -> 2900.8
B22: ="Fixe-se no campo ao lado o dolar a ser considerado (dolar de hoje R$ "&Dados!B2&"):" -> Fixe-se no campo ao lado o dolar a ser considerado (dolar de hoje R$ ): | H22: 7 | O22: Outros
O23: Carga tributária | P23: 0.18
O24: Impostos | P24: =P25*$P23 -> 401.44385 | Q24: =Q25*$P23 -> 456.64162 | R24: =R25*$P23 -> 506.2466
O25: Total Mensal | P25: =(SUM(P10:P12)+P16+P17+P20)/(1-$P23) -> 2230.2436 | Q25: =(SUM(Q10:Q12)+Q16+Q17+Q20)/(1-$P23) -> 2536.8979 | R25: =(SUM(R10:R12)+R16+R17+R20)/(1-$P23) -> 2812.4811
O28: ="Solução de backup como serviço (BaaS) utilizando tecnologia Veeam conforme escopo dimensionado abaixo: Itens incluídos: "&IF(L10="SIM","- Software Veeam Backup and Replication "&VLOOKUP(E18,Dados!F28:G30,2,FALSE)&" para proteção de "&F15&" servidores virtuais"&IF(L15>0," e "&L15&" servidores físicos com Veeam Agent","")&".","")&IF(L14="SIM"," - Software Veeam Backup for Microsoft Office 365 para "&L19&" caixas postais.","")&IF(L13="SIM"," - Repositório para armazenamento em nuvem com capacidade de "&G19&"TB.","")&IF(L12="SIM"," - Locação de servidor Dell EMC para repositório local com capacidade de "&L18&"TB.","")&IF(L11="SIM"," - Serviços Continuados de operação e monitoramento das rotinas de backup, para até "&F15+L15&" servidores"&IF(L14="SIM",", incluindo ambiente Veeam Backup for Office 365.","."),"")&" * Serviço de setup inicial incluído."&IF(COUNTIF(L10:L14,"NÃO")>0," Ítens não incluídos: "&IF(L10<>"SIM"," - Licenciamento Veeam Backup and Replication.","")&IF(L14<>"SIM"," - Licenciamento Veeam Backup for Microsoft Office 365.","")&IF(L13<>"SIM"," - Repositório para armazenamento em nuvem.","")&IF(L12<>"SIM"," - Locação de servidor para repositório local.","")&IF(L11<>"SIM"," - Serviços Continuados de operação e monitoramento das rotinas de backup.",""),"") -> Solução de backup como serviço (BaaS) utilizando tecnologia Veeam conforme escopo dimensionado abaixo: Itens incluídos: - Software Veeam Backup and Replication Standard para proteção de 10 servidores virtuais. - Software Veeam Backup for Microsoft Office 365 para 37 caixas postais. - Repositório para armazenamento em nuvem com capacidade de 1TB. - Serviços Continuados de operação e monitoramento das rotinas de backup, para até 10 servidores, incluindo ambiente Veeam Backup for Office 365. * Serviço de setup inicial incluído. Ítens não incluídos: - Locação de servidor para repositório local.

Sheet Dados
F1: Points per Unit - PPU | K1: Intervalos | L1: Valor por ponto
F2: Edição | G2: Detalhe | H2: Tipo | I2: Points | K2: 200 points | L2: 0.83
F3: Veeam Backup & Replication ENT Plus | G3: + Veeam Agents for Microsoft Windows and Linux | H3: 500 GB NAS | I3: 10 | K3: 800 points | L3: 0.79
F4: Veeam Backup & Replication ENT Plus | G4: + Veeam Agents for Microsoft Windows and Linux | H4: ENT apps | I4: 11 | K4: 1500 points | L4: 0.76 | N4: =I5*2*L4*5.4 -> 1846.8
F5: Kasten Backup | G5: Backup and DR with Kasten by Veeam | H5: Node | I5: 225 | K5: 3500 points | L5: 0.72
F6: Veeam Cloud Connect | G6: for off-site backup and DRaaS of the Veeam Backup Package | H6: Replica VM | I6: 10 | K6: 5000 points | L6: 0.68
A7: Gerenciamento | F7: Veeam Backup & Replication ENT Plus | G7: + Veeam Agents for Microsoft Windows and Linux | H7: Server | I7: 11 | K7: 10k points | L7: 0.69
A8: Tipo | B8: Cobrança do Setup | C8: Setup | D8: Mensal | F8: Veeam Backup & Replication ENT | G8: + Veeam Agents for Microsoft Windows and Linux | H8: Server | I8: 11 | K8: 20k points | L8: 0.62
A9: VMs e Servers | B9: por VM | C9: 6 | D9: 3 | F9: Veeam Backup & Replication STAN | G9: + Veeam Agents for Microsoft Windows and Linux | H9: Server | I9: 11 | K9: 50k points | L9: 0.59
A10: Office365 Users | B10: por Tenant | C10: 199 | D10: 99 | F10: Veeam Cloud Connect | G10: for off-site backup and DRaaS of the Veeam Backup Package | H10: Server | I10: 7 | K10: 100k points | L10: 0.57
F11: Veeam Agent | G11: for IBM AIX and Oracle Solaris | H11: Server | I11: 11
A12: Armazenamento on-premise em TB | F12: Veeam Management Pack | G12: for Microsoft System Center | H12: Socket | I12: 45 | K12: ROI para o servidor devido ao risco
A13: 10 | B13: 237.66612 | F13: Veeam ONE | G13: for monitoring of the Veeam Backup Package | H13: Unit | I13: 2 | K13: Risco | L13: Agressivo | M13: Moderado | N13: Conservador
A14: 20 | B14: 292.13127 | F14: Veeam Backup for Microsoft Office 365 | H14: User | I14: 1.5 | K14: Baixo | L14: 18 | M14: 17 | N14: 16
A15: 30 | B15: 341.64505 | F15: Veeam Backup & Replication ENT Plus | G15: + Veeam Agents for Microsoft Windows and Linux | H15: VM | I15: 11 | K15: Médio | L15: 17 | M15: 16 | N15: 15
A16: 50 | B16: 445.62397 | F16: Veeam Backup & Replication ENT | G16: + Veeam Agents for Microsoft Windows and Linux | H16: VM | I16: 9 | K16: Alto | L16: 16 | M16: 15 | N16: 14
A17: 100 | B17: 690.71716 | F17: Veeam Backup & Replication STAN | G17: + Veeam Agents for Microsoft Windows and Linux | H17: VM | I17: 5
F18: Veeam Cloud Connect | G18: for off-site backup and DRaaS of the Veeam Backup Package | H18: VM | I18: 5 | K18: Multiplicadores Gerência
A19: Armazenamento na nuvem | C19: Minimo em TB | D19: Maximo em TB | F19: Veeam DR Orchestrator | G19: for orchestration of the Veeam Backup Package | H19: VM | I19: 11 | K19: Risco | L19: Agressivo | M19: Moderado | N19: Conservador
A20: 01 TB | B20: 199 | C20: 1 | D20: 100 | F20: Veeam Backup & Replication ENT Plus | G20: + Veeam Agents for Microsoft Windows and Linux | H20: Workstation | I20: 4 | K20: Baixo | L20: 0.9 | M20: 1.1 | N20: 1.3
B21: 0.9 | F21: Veeam Backup & Replication ENT | G21: + Veeam Agents for Microsoft Windows and Linux | H21: Workstation | I21: 4 | K21: Médio | L21: 1 | M21: 1.2 | N21: 1.4
B22: 0.8 | F22: Veeam Backup & Replication STAN | G22: + Veeam Agents for Microsoft Windows and Linux | H22: Workstation | I22: 4 | K22: Alto | L22: 1.2 | M22: 1.4 | N22: 1.6
B23: =B20*5.1*0.8 -> 811.92 | F23: Veeam Cloud Connect | G23: for off-site backup and DRaaS of the Veeam Backup Package | H23: Workstation | I23: 3
B25: Margens Veeam sem gerência | K25: Análise | L25: Agressivo | M25: Moderado | N25: Conservador
B26: Agressivo | C26: Moderado | D26: Conservador | K26: Total Faturado | L26: ='Análise Interna'!P25 -> 2230.2436 | M26: ='Análise Interna'!Q25 -> 2536.8979 | N26: ='Análise Interna'!R25 -> 2812.4811
B27: 0.25 | C27: 0.35 | D27: 0.45 | K27: Impostos | L27: ='Análise Interna'!P24 -> 401.44385 | M27: ='Análise Interna'!Q24 -> 456.64162 | N27: ='Análise Interna'!R24 -> 506.2466
F28: Veeam Backup & Replication ENT Plus | G28: Enterprise Plus | K28: Custos Veeam | L28: =SUM('Análise Interna'!P10:P12) -> 585.99975 | M28: =SUM('Análise Interna'!Q10:Q12) -> 636.95625 | N28: =SUM('Análise Interna'!R10:R12) -> 662.4345
B29: Margens Veeam com gerência | F29: Veeam Backup & Replication ENT | G29: Enterprise | K29: Locação Servidor** | L29: ='Análise Interna'!P16 -> 0 | M29: ='Análise Interna'!Q16 -> 0 | N29: ='Análise Interna'!R16 -> 0
B30: Agressivo | C30: Moderado | D30: Conservador | F30: Veeam Backup & Replication STAN | G30: Standard | K30: Armazenamento Zerobox* | L30: ='Análise Interna'!P17 -> 159.2 | M30: ='Análise Interna'!Q17 -> 179.1 | N30: ='Análise Interna'!R17 -> 199
B31: 0.15 | C31: 0.25 | D31: 0.3 | K31: Gerência Gruppen* | L31: ='Análise Interna'!P20 -> 1083.6 | M31: ='Análise Interna'!Q20 -> 1264.2 | N31: ='Análise Interna'!R20 -> 1444.8
C35: =(40*0.82)/18 -> 1.8222222

Sheet VDC
A2: Calculo Solução VDC | F2: Custo com 10000 pontos | G2: 0.94 | I2: Custo Dolar | J2: 7
F3: Ponto por mailbox | G3: 2.5
F4: Ponto por mailbox > 500 | G4: 1.9
